{
  "credit": "Made with Blockbench",
  "elements": [
    {
      "from": [
        0,
        0.1,
        0
      ],
      "to": [
        16,
        0.1,
        16
      ],
      "faces": {
        "north": {
          "uv": [
            0,
            0,
            0,
            0
          ],
          "texture": "#0"
        },
        "east": {
          "uv": [
            0,
            0,
            0,
            0
          ],
          "texture": "#0"
        },
        "south": {
          "uv": [
            0,
            0,
            0,
            0
          ],
          "texture": "#0"
        },
        "west": {
          "uv": [
            0,
            0,
            0,
            0
          ],
          "texture": "#0"
        },
        "up": {
          "uv": [
            0,
            0,
            16,
            16
          ],
          "texture": "#0"
        },
        "down": {
          "uv": [
            0,
            0,
            16,
            16
          ],
          "texture": "#0"
        }
      }
    }
  ],
  "display": {
    "ground": {
      "translation": [
        0,
        7.75,
        0
      ]
    },
    "gui": {
      "rotation": [
        90,
        0,
        0
      ]
    },
    "head": {
      "translation": [
        0,
        1.5,
        0
      ]
    }
  }
}