{
  "_fv": 73,
  "_type": "procedure",
  "definition": {
    "procedurexml": "<xml xmlns=\"https://developers.google.com/blockly/xml\"><block type=\"event_trigger\" deletable=\"false\" x=\"40\" y=\"40\"><field name=\"trigger\">no_ext_trigger</field><next><block type=\"controls_if\"><mutation else=\"1\"></mutation><value name=\"IF0\"><block type=\"logic_binary_ops\"><field name=\"OP\">EQ</field><value name=\"A\"><block type=\"variables_get_logic\"><mutation xmlns=\"http://www.w3.org/1999/xhtml\" is_player_var=\"false\" has_entity=\"false\"></mutation><field name=\"VAR\">global:auto_gen</field></block></value><value name=\"B\"><block type=\"logic_boolean\"><field name=\"BOOL\">TRUE</field></block></value></block></value><statement name=\"DO0\"><block type=\"controls_if\"><mutation else=\"1\"></mutation><value name=\"IF0\"><block type=\"logic_binary_ops\"><field name=\"OP\">EQ</field><value name=\"A\"><block type=\"variables_get_logic\"><mutation xmlns=\"http://www.w3.org/1999/xhtml\" is_player_var=\"false\" has_entity=\"false\"></mutation><field name=\"VAR\">global:detect_exist</field></block></value><value name=\"B\"><block type=\"logic_boolean\"><field name=\"BOOL\">TRUE</field></block></value></block></value><statement name=\"DO0\"><block type=\"execute_command\"><value name=\"command\"><block type=\"text\"><field name=\"TEXT\">tellraw @a [\"\",{\"text\":\"THT : Auto gen will be stop after finish this one\",\"color\":\"gray\"}]</field></block></value><value name=\"x\"><block type=\"coord_x\"></block></value><value name=\"y\"><block type=\"coord_y\"></block></value><value name=\"z\"><block type=\"coord_z\"></block></value></block></statement><statement name=\"ELSE\"><block type=\"execute_command\"><value name=\"command\"><block type=\"text\"><field name=\"TEXT\">tellraw @a [\"\",{\"text\":\"THT : Plese wait a second and try again\",\"color\":\"gray\"}]</field></block></value><value name=\"x\"><block type=\"coord_x\"></block></value><value name=\"y\"><block type=\"coord_y\"></block></value><value name=\"z\"><block type=\"coord_z\"></block></value></block></statement></block></statement><statement name=\"ELSE\"><block type=\"execute_command\"><value name=\"command\"><block type=\"text\"><field name=\"TEXT\">tellraw @a [\"\",{\"text\":\"THT : Auto gen already turned OFF\",\"color\":\"gray\"}]</field></block></value><value name=\"x\"><block type=\"coord_x\"></block></value><value name=\"y\"><block type=\"coord_y\"></block></value><value name=\"z\"><block type=\"coord_z\"></block></value></block></statement><next><block type=\"variables_set_number\"><mutation xmlns=\"http://www.w3.org/1999/xhtml\" is_player_var=\"false\" has_entity=\"false\"></mutation><field name=\"VAR\">global:auto_gen_count</field><value name=\"VAL\"><block type=\"math_number\"><field name=\"NUM\">0</field></block></value></block></next></block></next></block></xml>"
  }
}